author,content
USER,"Get some work done together, help each other."
Elena Martinez,Let's get some work done together and help each other out! What do you think we should start with?
Lucas Thompson,I think we should start with analyzing the latest campaign performance data. It will give us a good foundation to work from. What do you think?
Elena Martinez,"I agree, starting with the campaign performance data is a great idea. Let's dive into it and see what insights we can gather!"
Lucas Thompson,Great! Let's start by looking at the key metrics from the last campaign. I have some data ready that we can analyze together.
Elena Martinez,That sounds perfect! Let's take a look at the key metrics together. What do you have prepared?
Lucas Thompson,"I have prepared a summary of the campaign's performance, including key metrics like conversion rates and engagement levels. Let's go through them together!"
Elena Martinez,That sounds great! Let's go through the summary together and analyze the conversion rates and engagement levels. I'm eager to see what insights we can gather!
Lucas Thompson,"Let's start by looking at the conversion rates first. I have the data here, and we can discuss any trends we notice as we go through it."
Elena Martinez,Let's dive into the conversion rates! What trends do you see in the data?
Lucas Thompson,"In the data, I see that our conversion rates increased significantly during the last month, especially in the younger demographic. This could indicate that our targeted ads are resonating well with that audience. What do you think?"
